postback,code,pin,success,pageSize,contextId,finished,page,results_phase,results_oriMaxPrice,results_productId,results_discount,results_itemEvalTotalNum,results_gmtCreate,results_soldout,results_promotionId,results_productTitle,results_productDetailUrl,results_trace,results_sellerId,results_productImage,results_oriMinPrice,results_minPrice,results_totalStock,results_startTime,results_orders,results_endTime,results_maxPrice,results_productPositiveRate,results_productAverageStar,results_stock,results_totalTranpro3
"f6949074-c4eb-4c66-a6ba-ab8ea83d89b1",0.0,"gps-id=5547572&scm=1007.19201.130907.0&scm_id=1007.19201.130907.0&scm-url=1007.19201.130907.0&pvid=b17c34e1-a2dd-450c-9c12-4a348eb21def",true,10.0,"5547572_en_US_US_USD_pc_current",false,10.0,1.0,"US $189.90",3.291798919E10,"91",69.0,1.5361308E9,false,1.904919592E9,"Quartz Watch CRRJU New Luxury Men Outdoor Mens Watches Sport Watches Chronograph Wristwatch Clock Leather Wrist Watch","//aliexpress.ru/item/32917989190.html?gps-id=5547572&scm=1007.19201.130907.0&scm_id=1007.19201.130907.0&scm-url=1007.19201.130907.0&pvid=b17c34e1-a2dd-450c-9c12-4a348eb21def","{\"all\":{\"pvid\":\"b17c34e1-a2dd-450c-9c12-4a348eb21def\",\"scm-cnt\":\"1007.19201.130907.0\",\"gps-id\":\"5547572\"},\"pvid\":\"b17c34e1-a2dd-450c-9c12-4a348eb21def\",\"scm-cnt\":\"1007.19201.130907.0\",\"gps-id\":\"5547572\"}",2.23729216E8,"//ae01.alicdn.com/kf/Ha4a448117ad74b1b8cb9bc58b8f8acb8A.jpg_350x350.jpg","US $169.90","US $15.29","855",1.6148448E9,"0",1.615190399E9,"US $17.09","93.9","4.7","855","206"
"f6949074-c4eb-4c66-a6ba-ab8ea83d89b1",0.0,"gps-id=5547572&scm=1007.19201.130907.0&scm_id=1007.19201.130907.0&scm-url=1007.19201.130907.0&pvid=b17c34e1-a2dd-450c-9c12-4a348eb21def",true,10.0,"5547572_en_US_US_USD_pc_current",false,10.0,1.0,"US $222.95",4.001139603663E12,"82",50.0,1.5918588E9,false,1.904919592E9,"Top Watch Brand Car Wheel Rim Hub Watches Men Super Car Rim Hub Men Watch Stainless Steel Waterproof Wholesale Watch For Car GTR","//aliexpress.ru/item/4001139603663.html?gps-id=5547572&scm=1007.19201.130907.0&scm_id=1007.19201.130907.0&scm-url=1007.19201.130907.0&pvid=b17c34e1-a2dd-450c-9c12-4a348eb21def","{\"all\":{\"pvid\":\"b17c34e1-a2dd-450c-9c12-4a348eb21def\",\"scm-cnt\":\"1007.19201.130907.0\",\"gps-id\":\"5547572\"},\"pvid\":\"b17c34e1-a2dd-450c-9c12-4a348eb21def\",\"scm-cnt\":\"1007.19201.130907.0\",\"gps-id\":\"5547572\"}",2.40375243E8,"//ae01.alicdn.com/kf/He13408d916864508b5ff59892960e4c3W.jpg_350x350.jpg","US $220.95","US $39.77","1500",1.6148448E9,"2",1.615190399E9,"US $40.13","97.6","4.9","1498","229"
"f6949074-c4eb-4c66-a6ba-ab8ea83d89b1",0.0,"gps-id=5547572&scm=1007.19201.130907.0&scm_id=1007.19201.130907.0&scm-url=1007.19201.130907.0&pvid=b17c34e1-a2dd-450c-9c12-4a348eb21def",true,10.0,"5547572_en_US_US_USD_pc_current",false,10.0,1.0,"US $449.95",4.001135171244E12,"82",73.0,1.5917724E9,false,1.904919592E9,"PAGANI DESIGN Men Watch Automatic Mechanical Wristwatch Date Stainless Steel Sapphire Glass Men Watches Reloj Hombre 2020","//aliexpress.ru/item/4001135171244.html?gps-id=5547572&scm=1007.19201.130907.0&scm_id=1007.19201.130907.0&scm-url=1007.19201.130907.0&pvid=b17c34e1-a2dd-450c-9c12-4a348eb21def","{\"all\":{\"pvid\":\"b17c34e1-a2dd-450c-9c12-4a348eb21def\",\"scm-cnt\":\"1007.19201.130907.0\",\"gps-id\":\"5547572\"},\"pvid\":\"b17c34e1-a2dd-450c-9c12-4a348eb21def\",\"scm-cnt\":\"1007.19201.130907.0\",\"gps-id\":\"5547572\"}",2.30875708E8,"//ae01.alicdn.com/kf/H720d749ba09a46e89ac1ec67aa01d3d9O.jpg_350x350.jpg","US $449.95","US $80.99","620",1.6148448E9,"0",1.615190399E9,"US $80.99","94.2","4.7","620","141"
"f6949074-c4eb-4c66-a6ba-ab8ea83d89b1",0.0,"gps-id=5547572&scm=1007.19201.130907.0&scm_id=1007.19201.130907.0&scm-url=1007.19201.130907.0&pvid=b17c34e1-a2dd-450c-9c12-4a348eb21def",true,10.0,"5547572_en_US_US_USD_pc_current",false,10.0,1.0,"US $189.95",3.3031939491E10,"82",79.0,1.5591996E9,false,1.904919592E9,"New BENYAR Men's Mechanical Watches Automatic Mens watches Top Brand Luxury watch men WristWatch Military Relogio Masculino 2019","//aliexpress.ru/item/33031939491.html?gps-id=5547572&scm=1007.19201.130907.0&scm_id=1007.19201.130907.0&scm-url=1007.19201.130907.0&pvid=b17c34e1-a2dd-450c-9c12-4a348eb21def","{\"all\":{\"pvid\":\"b17c34e1-a2dd-450c-9c12-4a348eb21def\",\"scm-cnt\":\"1007.19201.130907.0\",\"gps-id\":\"5547572\"},\"pvid\":\"b17c34e1-a2dd-450c-9c12-4a348eb21def\",\"scm-cnt\":\"1007.19201.130907.0\",\"gps-id\":\"5547572\"}",2.0597496E8,"//ae01.alicdn.com/kf/H8c058969941e45c0ae294b6a59539616V.jpg_350x350.jpg","US $174.95","US $31.49","180",1.6148448E9,"4",1.615190399E9,"US $34.19","93.4","4.7","176","147"
"f6949074-c4eb-4c66-a6ba-ab8ea83d89b1",0.0,"gps-id=5547572&scm=1007.19201.130907.0&scm_id=1007.19201.130907.0&scm-url=1007.19201.130907.0&pvid=b17c34e1-a2dd-450c-9c12-4a348eb21def",true,10.0,"5547572_en_US_US_USD_pc_current",false,10.0,1.0,"US $199.95",1.005001994841333E15,"82",51.0,1.6098336E9,false,1.904919592E9,"LIGE 2021 New Smart Watch Men Full Touch Screen Sports Fitness Watch IP68 Waterproof Bluetooth For Android ios smartwatch Mens","//aliexpress.ru/item/1005001994841333.html?gps-id=5547572&scm=1007.19201.130907.0&scm_id=1007.19201.130907.0&scm-url=1007.19201.130907.0&pvid=b17c34e1-a2dd-450c-9c12-4a348eb21def","{\"all\":{\"pvid\":\"b17c34e1-a2dd-450c-9c12-4a348eb21def\",\"scm-cnt\":\"1007.19201.130907.0\",\"gps-id\":\"5547572\"},\"pvid\":\"b17c34e1-a2dd-450c-9c12-4a348eb21def\",\"scm-cnt\":\"1007.19201.130907.0\",\"gps-id\":\"5547572\"}",2.40419085E8,"//ae01.alicdn.com/kf/H74a8918c53e14e528e9cc40871a2c8c80.jpg_350x350.jpg","US $164.95","US $29.69","615",1.6148448E9,"0",1.615190399E9,"US $35.99","90.6","4.5","615","155"
"f6949074-c4eb-4c66-a6ba-ab8ea83d89b1",0.0,"gps-id=5547572&scm=1007.19201.130907.0&scm_id=1007.19201.130907.0&scm-url=1007.19201.130907.0&pvid=b17c34e1-a2dd-450c-9c12-4a348eb21def",true,10.0,"5547572_en_US_US_USD_pc_current",false,10.0,1.0,"US $164.95",1.005001961909049E15,"82",35.0,1.6091424E9,false,1.904919592E9,"LIGE 2021 New Smart Watch Men Bluetooth Call Heart Rate Sports Bracelet Smart Clock Waterproof Smartwatch Women For Android iOS","//aliexpress.ru/item/1005001961909049.html?gps-id=5547572&scm=1007.19201.130907.0&scm_id=1007.19201.130907.0&scm-url=1007.19201.130907.0&pvid=b17c34e1-a2dd-450c-9c12-4a348eb21def","{\"all\":{\"pvid\":\"b17c34e1-a2dd-450c-9c12-4a348eb21def\",\"scm-cnt\":\"1007.19201.130907.0\",\"gps-id\":\"5547572\"},\"pvid\":\"b17c34e1-a2dd-450c-9c12-4a348eb21def\",\"scm-cnt\":\"1007.19201.130907.0\",\"gps-id\":\"5547572\"}",2.40546443E8,"//ae01.alicdn.com/kf/Hc93bd301c72c4c1ba12022959202f8c2j.jpg_350x350.jpg","US $164.95","US $29.69","400",1.6148448E9,"2",1.615190399E9,"US $29.69","98.9","4.9","398","114"
"f6949074-c4eb-4c66-a6ba-ab8ea83d89b1",0.0,"gps-id=5547572&scm=1007.19201.130907.0&scm_id=1007.19201.130907.0&scm-url=1007.19201.130907.0&pvid=b17c34e1-a2dd-450c-9c12-4a348eb21def",true,10.0,"5547572_en_US_US_USD_pc_current",false,10.0,1.0,"US $243.00",1.005001812796233E15,"80",2.0,1.6063776E9,false,1.905096548E9,"Mandarina Duck Leather Crossbody Bag for Lady","//aliexpress.ru/item/1005001812796233.html?gps-id=5547572&scm=1007.19201.130907.0&scm_id=1007.19201.130907.0&scm-url=1007.19201.130907.0&pvid=b17c34e1-a2dd-450c-9c12-4a348eb21def","{\"all\":{\"pvid\":\"b17c34e1-a2dd-450c-9c12-4a348eb21def\",\"scm-cnt\":\"1007.19201.130907.0\",\"gps-id\":\"5547572\"},\"pvid\":\"b17c34e1-a2dd-450c-9c12-4a348eb21def\",\"scm-cnt\":\"1007.19201.130907.0\",\"gps-id\":\"5547572\"}",2.46429408E8,"//ae01.alicdn.com/kf/Hecf59ed1ad734d63a2dbba28c0392b558.jpg_350x350.jpg","US $243.00","US $48.60","40",1.6145856E9,"20",1.615190399E9,"US $48.60","90.0","4.5","20","30"
"f6949074-c4eb-4c66-a6ba-ab8ea83d89b1",0.0,"gps-id=5547572&scm=1007.19201.130907.0&scm_id=1007.19201.130907.0&scm-url=1007.19201.130907.0&pvid=b17c34e1-a2dd-450c-9c12-4a348eb21def",true,10.0,"5547572_en_US_US_USD_pc_current",false,10.0,1.0,"US $37.04",1.00500208092019E15,"86",25.0,1.6115616E9,false,1.905159576E9,"Luciphia Soft Fluffy Premium Fleece Paw Bone Print Warm Flannel Pet Blankets Super Throw for Dog Puppy Cat Pets Accessories","//aliexpress.ru/item/1005002080920190.html?gps-id=5547572&scm=1007.19201.130907.0&scm_id=1007.19201.130907.0&scm-url=1007.19201.130907.0&pvid=b17c34e1-a2dd-450c-9c12-4a348eb21def","{\"all\":{\"pvid\":\"b17c34e1-a2dd-450c-9c12-4a348eb21def\",\"scm-cnt\":\"1007.19201.130907.0\",\"gps-id\":\"5547572\"},\"pvid\":\"b17c34e1-a2dd-450c-9c12-4a348eb21def\",\"scm-cnt\":\"1007.19201.130907.0\",\"gps-id\":\"5547572\"}",2.39581787E8,"//ae01.alicdn.com/kf/Hb1f94bc4c8394ca589300c5c9d9e81c9w.jpg_350x350.jpg","US $20.24","US $1.45","2429",1.6145856E9,"199",1.615190399E9,"US $5.15","99.2","5.0","2230","149"
"f6949074-c4eb-4c66-a6ba-ab8ea83d89b1",0.0,"gps-id=5547572&scm=1007.19201.130907.0&scm_id=1007.19201.130907.0&scm-url=1007.19201.130907.0&pvid=b17c34e1-a2dd-450c-9c12-4a348eb21def",true,10.0,"5547572_en_US_US_USD_pc_current",false,10.0,1.0,"US $112.01",4.000683620916E12,"79",714.0,1.5811488E9,false,1.905047783E9,"Orthopedic Memory Foam Pillow 60x35cm Slow Rebound Soft Memory Slepping Pillows Butterfly Shaped Relax The Cervical For Adult","//aliexpress.ru/item/4000683620916.html?gps-id=5547572&scm=1007.19201.130907.0&scm_id=1007.19201.130907.0&scm-url=1007.19201.130907.0&pvid=b17c34e1-a2dd-450c-9c12-4a348eb21def","{\"all\":{\"pvid\":\"b17c34e1-a2dd-450c-9c12-4a348eb21def\",\"scm-cnt\":\"1007.19201.130907.0\",\"gps-id\":\"5547572\"},\"pvid\":\"b17c34e1-a2dd-450c-9c12-4a348eb21def\",\"scm-cnt\":\"1007.19201.130907.0\",\"gps-id\":\"5547572\"}",2.39206356E8,"//ae01.alicdn.com/kf/H8d8d2849ba874bb3a12cf6782fd91bbaZ.jpg_350x350.jpg","US $29.20","US $6.13","2100",1.6149312E9,"17",1.615103999E9,"US $23.52","93.8","4.7","2083","1619"
"f6949074-c4eb-4c66-a6ba-ab8ea83d89b1",0.0,"gps-id=5547572&scm=1007.19201.130907.0&scm_id=1007.19201.130907.0&scm-url=1007.19201.130907.0&pvid=b17c34e1-a2dd-450c-9c12-4a348eb21def",true,10.0,"5547572_en_US_US_USD_pc_current",false,10.0,1.0,"US $18.84",3.2874620131E10,"79",120.0,1.5265404E9,false,1.904919592E9,"Sexy Cotton Women Bra Ribbed Femme Underwear Wireless Crisscross Back V Neck Bras Comfort Lady's Cotton Bralette","//aliexpress.ru/item/32874620131.html?gps-id=5547572&scm=1007.19201.130907.0&scm_id=1007.19201.130907.0&scm-url=1007.19201.130907.0&pvid=b17c34e1-a2dd-450c-9c12-4a348eb21def","{\"all\":{\"pvid\":\"b17c34e1-a2dd-450c-9c12-4a348eb21def\",\"scm-cnt\":\"1007.19201.130907.0\",\"gps-id\":\"5547572\"},\"pvid\":\"b17c34e1-a2dd-450c-9c12-4a348eb21def\",\"scm-cnt\":\"1007.19201.130907.0\",\"gps-id\":\"5547572\"}",2.20191953E8,"//ae01.alicdn.com/kf/H68cde4f8ea124b6b8fc5067ea2f522f1M.jpg_350x350.jpg","US $18.84","US $3.96","29230",1.6148448E9,"4",1.615190399E9,"US $3.96","94.0","4.7","29226","212"
